rating,title,review,processed_review_tfidf,processed_review_tfidf_noun_only,processed_review_tfidf_adj_only
5,Cold coffee,Hands down the best cold coffee in a bottle,hand good cold coffee bottle,good cold coffee bottle,good cold
5,Awesome,I am so addicted to these ❤️❤️❤️❤️,addict ❤ ️ ❤ ️ ❤ ️ ❤ ️,addict ️ ❤ ❤,
5,came very fast,love these Things,love thing,love thing,
5,Starbucks vanilla Frappuccino is Wonderful,Starbucks stores don’t carry this item. It’s favorable and so worth the price.,Starbucks store carry item favorable worth price,Starbucks store item favorable worth price,favorable worth
5,Love Em,"Fast shipping, securely packaged great taste!!!",fast shipping securely package great taste,fast shipping great taste,fast great
5,Starbucks in Frappuccino 12 pack,Very happy with this delivery and the convenience of auto delivery. My husband is really loving his morning starbucks.,happy delivery convenience auto delivery husband love morning starbuck,happy delivery convenience auto delivery husband love morning starbuck,happy
5,Drink one everyday,Pure enjoyment,pure enjoyment,pure enjoyment,pure
5,Love my Frappuccino,Love my Frappuccino. I couldn’t find it anywhere 🙁 So of course I went to Amazon and they had it 😊I have to have my coffee in the morning😀,Love Frappuccino find 🙁 course go Amazon 😊 coffee morning 😀,Love Frappuccino 🙁 course Amazon,😊
5,A great way to start the day!,A tasty wake up -- coffee flavor is the best!,tasty wake coffee flavor well,coffee flavor,tasty
5,My favorite iced coffee,This is my favorite of all the iced coffees,favorite iced coffee,favorite iced coffee,favorite iced
5,My favorite afternoon pick me up,They are hard to find in stores now. Getting very expensive,hard find store get expensive,hard find store,hard expensive
5,Great taste,Love the taste,love taste,love taste,
5,Best drink in this universe,"I love this drink, it got me off of soda pop, to me that’s a plus 😁😁😁😁😁😁😁",love drink get soda pop plus 😁 😁 😁 😁 😁 😁 😁,love drink soda pop 😁 😁 😁 😁,
5,Much better price than other options.,Taste and value.,taste value,taste value,
5,Why is there a shortage on this flavor? NOBODY WANTS CHOCOLATE CHURRO COFFEE! Get it together,Delicious,Delicious,Delicious,
5,Good stuff,Pricey,Pricey,Pricey,
5,Everyone knows Starbucks,"Just like any other size of the same product only more calories at one time. If you worry about calories, pour half into a mug and save half for later. Trouble is, its too tasty to put down.",like size product calorie time worry calorie pour half mug save half later trouble tasty,size product calorie time calorie half mug trouble,tasty
5,Favorite drink when I can’t get to Starbucks!,"It’s pricey, but I love it. Vanilla is my favorite flavor in this brand. Purchase it regularly.",pricey love vanilla favorite flavor brand Purchase regularly,pricey love vanilla favorite flavor brand Purchase,pricey favorite
5,Mocha Smooth Flavor,"Caution, Starbucks Frappuccino Coffee Mocha Drink is so delicious and smooth, you'll want one of them once or twice a day. This is a fabulous tasting coffee drink. Highly recommended.",Caution Starbucks Frappuccino Coffee Mocha Drink delicious smooth want twice day fabulous tasting coffee drink highly recommend,Caution Starbucks Frappuccino Coffee Mocha Drink fabulous tasting coffee drink,delicious smooth twice fabulous
5,Starbucks Frappuccino Coffee Drink - Vanilla/13.7 oz bottles (12 pack),Fantastic coffee drink that really hit's the stop; really worth trying if you haven't done so. Book size is perfect; will fit in your pocket so you can enjoy on anytime of day!!!,fantastic coffee drink hit stop worth try Book size perfect fit pocket enjoy anytime day,fantastic coffee drink stop Book size perfect fit pocket,fantastic worth perfect fit
5,Found at last,Since COVID I have had a very hard time finding my coffee. Since I found here on Amazon I do not have to drink off brand or not have any at all! I have gotten every order early. This is one happy mama,covid hard time find coffee find Amazon drink brand get order early happy mama,hard time coffee Amazon brand order,hard happy
5,It’s worth the money!,Drink,drink,,
5,Starbuck’s Coffee,Easy to order my favorite coffee. Comes in a secure box with no broken bottles. Easier than running to the supermarkets.,easy order favorite coffee come secure box break bottle easier run supermarket,easy order favorite coffee secure box break bottle supermarket,easy favorite secure easier
5,great product,Great drink,great drink,great drink,great
5,Love the Coffee flavor!,"I love my Coffee Frappuccino! I usually like to keep it in the refrigerator and take sips throughout the day! It’s so refreshing! I think I’m addicted!
JoAnn","love Coffee Frappuccino usually like refrigerator sip day refreshing think addicted 
  joann",Coffee Frappuccino,refreshing addicted
5,Delicious,"Great flavor,larger size, great quality & very satisfying",great flavor large size great quality satisfy,great flavor large size great quality,great large great
5,Yummy,Good taste great value,good taste great value,great value,good great
5,Ordered and received this item in excellent condition.,"I make my own frappe using this item daily, love it.",frappe item daily love,frappe item daily love,daily
5,Good coffee,What can you say? It’s Starbucks ice coffee…,Starbucks ice coffee,Starbucks ice coffee,
5,Love Starbucks,This is good and cheaper than the stores. I have two cases shipped to me every month. So worth it to me.,good cheap store case ship month worth,,good cheap worth
5,Can't beat the flavor!,"A little expensive, but worth it. Delicious coffee drink!",little expensive worth delicious coffee drink,little expensive worth delicious coffee drink,little expensive worth delicious
5,Me gusta mucho este producto,Sabor frapuccino,Sabor frapuccino,Sabor frapuccino,
5,Love love ❤,love love love how I no longer have to hunt this flavor down and hope I can find it. It's delivered right to my front door every other week!!!!! And much cheaper than buying individual ones .,love love love long hunt flavor hope find deliver right door week cheap buy individual one,love love individual one,long right cheap individual
5,GREAT COFFEE DRINK!!,GREAT PRODUCT AND VALUE,great product value,great product value,great
5,Front door service,Thanks !!!coffee flavor,thanks coffee flavor,thanks coffee flavor,
5,Coffee Frappuccino,I liked that my Frappuccino arrived on time and that it was just what Ihad ordered It is nice not to have to go to the store when ever I want a coffee frappuccino. Thank you,like Frappuccino arrive time Ihad order nice store want coffee frappuccino Thank,Frappuccino order coffee frappuccino,nice
5,Once opened coffee disappears to fast!,"Just can't help myself, I drink it down way to fast!",help drink way fast,help,
5,Yummy,I love this coffee and can’t find much of this flavor in my local grocery stores. Was packed very well and arrived in two days. It was worth the wait and money,love coffee find flavor local grocery store pack arrive day worth wait money,love coffee local grocery store pack money,local worth
5,Starbuck’s Coffee,Love this coffee but it took a very long time to get them.,love coffee take long time,love coffee,long
5,One bottle broken but good coffee,"Love the coffee , but one bottle broken when I opened the box",love coffee bottle break open box,love coffee bottle open box,open
5,My fave Starbucks beverage delivered to my door,"Love the flavor, the size, and convenience of having it delivered to my door as a Prime customer. The grocery store I frequent only sells the smaller size, and only in 4 pack - and ridiculously priced unless BOGO. Thank you Amazon/Subscribe & Save for re-adding this product to the S&S choices.",love flavor size convenience having deliver door Prime customer grocery store frequent sell small size 4 pack ridiculously price BOGO thank Amazon subscribe save add product s&s choice,love flavor size convenience Prime customer grocery store frequent sell small size 4 pack ridiculously price BOGO Amazon product s&s choice,frequent small
5,We like the bigger containers,It’s ok,ok,,
5,Luv it!,Caramel is my favorite. A few weeks I couldn’t find these at any of the stores. So glad I was able to find them on here.,caramel favorite week find store glad able find,store,favorite glad
5,Always great - too expensive,"Like always, Starbucks is great, but too expensive. I hear that all the time & I feel the same way. Can’t afford it all the time.",like Starbucks great expensive hear time feel way afford time,Starbucks great expensive hear time,great expensive
5,Good Morning!,Rich & Refreshing Beverage!,Rich Refreshing Beverage,Rich Refreshing Beverage,
5,Frappucino,"Hubbys addiction to this crap was satisfied when our local storrs ran out! Keeps him happy, that's all that matters",hubbys addiction crap satisfy local storrs run keep happy matter,hubbys addiction crap local storrs happy matter,hubbys local happy
5,Wife loves it,Nothing more to say as wife loves it,wife love,wife love,
5,great taste,Available at a good price,available good price,available good price,available good
5,A bit deceitful.,"I feel that it is a bit deceitful to put another item there when the one a person wants isn't available. Yes, I will pay close attention to my orders from now on.",feel bit deceitful item person want available yes pay close attention order,bit deceitful item person close attention order,deceitful available close
5,BEST,BEST,well,,
5,Love this stuff!,Mocha is by far my favorite..smooth coffee chocolate flavor! Little spendy but is sooo good!,mocha far favorite smooth coffee chocolate flavor little spendy sooo good,far favorite smooth coffee chocolate,favorite smooth little spendy good
5,Retailers don't stock it around here any more.,It's the best cold coffee I have found. Hard to find locally.,good cold coffee find hard find locally,good cold coffee,good cold hard
5,My favorite drink,"I have enjoyed Starbucks Frappuccino Mocha for some now. I have always felt they were a little overpriced. I wish I could find their ""Lite"" version of this flavor. There are less expensive brands around, but none of them are as delicious as the Starbucks version in my opinion.",enjoy Starbucks Frappuccino Mocha feel little overpriced wish find Lite version flavor expensive brand delicious Starbucks version opinion,Starbucks Frappuccino Mocha little overpriced wish Lite version expensive brand delicious Starbucks version opinion,little overpriced expensive delicious
5,1 bottle in the box was broken,1 bottle in the box was broken,1 bottle box break,1 bottle box break,
5,Best Flavor!,Very thankful to be able to order my favorite flavor. Delivered direct to my door.,thankful able order favorite flavor deliver direct door,thankful able order favorite flavor direct door,thankful able favorite direct
5,The best mocha coffee,"I cannot resist this coffee, iced, in the summertime. It's so delicious and refreshing. What will I do in the winter?",resist coffee ice summertime delicious refreshing winter,coffee ice summertime delicious refreshing winter,delicious refreshing
5,Very timely delivery,"We've started drinking more of these, but local food stores were very erratic in stocking them.
Buying by the case solves this well!","start drink local food store erratic stocking 
  buying case solve","local food store erratic stocking 
  buying case",local erratic
5,The pkg not marked breakable & 2 were empty & broken,1st that I ordered box was marked breakable & heavy - but this time only marked heavy & 2 bottles were broken & emptied all over box!,1st order box mark breakable heavy time mark heavy 2 bottle break empty box,1st order box mark breakable heavy time mark heavy 2 bottle empty box,breakable heavy heavy empty
5,Great product,Great flavor at a great price,great flavor great price,great flavor great price,great great
5,Price too high,Price too high,price high,,high
5,"Great value & awesome packaging, No broken bottles while shipping",Great taste & value,great taste value,great taste value,great
5,Gotta love SB,Can't beat it!,beat,,
5,Addictive--been drinking for many years!,"Have to have 1 a day. Store has been out for 6 weeks+--due to delivery issues.
So glad to find it on Amazon!","1 day store 6 weeks+--due delivery issue 
  glad find Amazon",6 weeks+--due delivery issue Amazon,
5,Coffee,Delicious a real treat!!,delicious real treat,delicious real treat,delicious real
5,Convenience,I drink this daily,drink daily,,
5,Great Source,I have never had a problem ordering here. I stopped trying to find it in stores. Fresh tasting and quick delivery.,problem order stop try find store fresh tasting quick delivery,problem order stop store fresh tasting quick delivery,fresh quick
5,Good stuff,Great product!,great product,great product,great
5,No safety seals,"There are no safety seals on any of the frapps, I wonder why not. Does any one else have this problem. The pop up on the lid is still in tac tho. I love this mocha flavor, but I have noticed at times it doesn't taste as creamy.",safety seal frapp wonder problem pop lid tac tho love mocha flavor notice time taste creamy,frapp wonder problem pop lid tac,creamy
5,Addicted,"I'm addicted to the Mocha Frappes!!😍 I order everytime they're available!!💜 My only complaint is, if I buy them at the store. EBT will cover them!! But to save money and order from Amazon. EBT won't cover them!! 😢 And that's not right!! 🤔 Just because I have to depend on Food Stamps, doesn't mean it shouldn't be covered!!😢😢😢",addict Mocha Frappes 😍 order everytime available 💜 complaint buy store EBT cover save money order Amazon EBT will cover 😢 right 🤔 depend Food stamp mean cover 😢 😢 😢,addict Mocha Frappes 💜 complaint buy store EBT cover money order Amazon EBT Food stamp cover,available right
5,Can it get any better?,Loved getting my favorite coffee delivered right to my door!,love get favorite coffee deliver right door,love favorite coffee right door,favorite right
5,The flavor is great,The Vanilla and Caramel Frappuccino has always been my favorites,Vanilla Caramel Frappuccino favorite,Vanilla Caramel Frappuccino favorite,
5,Very good.,"I enjoy this drink, very much.",enjoy drink,,
5,🤘,🤘,🤘,🤘,
5,I love the taste of this drink😀,I love the flavor of this drink and it’s a great buy😀,love flavor drink great buy 😀,love flavor buy,great
5,Not best item to have shipped,The product is my favorite. I ordered this product twice. Both shipments were damaged in transit resulting in having about 9 useable out of 36 ordered. I will just continue to purchase my Starbucks locally. Expensive lesson.,product favorite order product twice shipment damage transit result have 9 useable 36 order continue purchase Starbucks locally expensive lesson,product favorite order product twice shipment damage transit result 9 useable 36 order Starbucks locally expensive lesson,favorite twice useable expensive
5,Yummy!!!,Arrived on time!,arrive time,,
5,Delicious Mocha Frap,Classic delight,classic delight,classic delight,classic
5,Cost the same as Walmart per bottle,Best flavor between Mocha and Vanilla extremely hard to find at this price,good flavor Mocha Vanilla extremely hard find price,good flavor Mocha Vanilla price,good
5,Delicious,Awesome,awesome,,awesome
5,My wife’s favorite drink,This flavor is hard to find at a reasonable price but Amazon had it so we bought the twelve pack. It’s mostly Gond so we just reordered another 12 bottles. They really pack them we so all 24 bottles arrived unbroken.,flavor hard find reasonable price Amazon buy pack Gond reorder 12 bottle pack 24 bottle arrive unbroken,flavor reasonable price Amazon pack Gond 12 bottle pack 24 bottle,reasonable unbroken
5,I would not buy this flavor. It was ordered by mistak,I do not like the flavor.,like flavor,flavor,
5,Finally not price gouging!,Love this flavor! This seller didn’t price gouge!!,love flavor seller price gouge,love flavor seller price gouge,
5,A Great Find,It has all the flavor that my wife as looking for in a cold coffee.,flavor wife look cold coffee,flavor wife cold coffee,cold
5,Very Good....,"1 Broken Bottle Out Of 24, I Can Live With That. Very Good Price..",1 break Bottle 24 live good price,1 break Bottle 24 live good price,good
5,Value,Best price yet I've come across on the internet for the size,good price come internet size,good price,good
5,amazing,i want to drink 6 of these every day,want drink 6 day,,
5,FAST shipping!,"Love this coffee! Not a lot of caffeine, which is good for me since I don’t tolerate it well. Price is same as in the stores. This seller ships really fast! I’ve ordered from them again and again it shipped out next business day!",love coffee lot caffeine good tolerate price store seller ship fast order ship business day,love coffee lot caffeine price store seller ship,good fast
5,PERFECT !!!!!!!,Everything was Perfect . Thank's !!!,Perfect Thank,Perfect Thank,
5,Good product bad vendor,Just make sure that it’s not coming from natures they arrive broken and moldy a month later,sure come nature arrive break moldy month later,nature,moldy
5,Great drink,Good quantity and flavor,good quantity flavor,good quantity flavor,good
5,"Packaging change, plastic tampering seal not missing.","Someone mentioned that the wrap that went up the side of the bottle and over the cap was missing. That was all one piece of the bottle label, and now that label has been redesigned to only extend to the bottom of the cap. This is my go to drink, addicted doesn’t describe me accurately enough. I enjoy the coffee flavor, I find it less sweet than the others, but still sweet and creamy. Given everything in 2020 this has been harder to find. Only had one issue with a broken bottle but Amazon allows a return based on this.",mention wrap go bottle cap miss piece bottle label label redesign extend cap drink addicted describe accurately enjoy coffee flavor find sweet sweet creamy give 2020 hard find issue break bottle Amazon allow return base,bottle cap miss piece bottle label label redesign coffee flavor 2020 hard find issue break bottle Amazon return base,addicted sweet sweet creamy hard
5,Fast Delivery,Awesome delivery! Love it!,awesome delivery love,awesome delivery love,awesome
5,Awesome,Great taste my husband love it,great taste husband love,great taste husband love,great
5,Just Right,Her mother loves it and drinks it every day. A great source of taste and enjoyment.,mother love drink day great source taste enjoyment,mother love great source taste enjoyment,great
5,My favorite,I started getting these cases because of local shortages . Finding a coffee flavored Frappuccino in my area was almost impossible so I subscribed to a case every couple weeks! Perfect! AND for the same price as buying them at Sheetz !,start get case local shortage find coffee flavor Frappuccino area impossible subscribe case couple week perfect price buy Sheetz,case local shortage coffee flavor Frappuccino area Sheetz,local impossible perfect
5,Love This Drink,I enjoy one each and every day. I guess I am addicted. The caramel is better than the regular or lite Mocha.,enjoy day guess addicted caramel well regular lite mocha,day addicted caramel well regular lite mocha,addicted regular lite
5,Thank you! Very convenient,I Only like the mocha ones .,like mocha one,mocha,
5,Double Serving,Nothing better than Starbucks flavor in large bottles!,well Starbucks flavor large bottle,Starbucks large bottle,large
5,Great choice.,Excellent,excellent,,excellent
5,One WORD YUM!,"I love, love, love this product. I order it regularly. Pricy, but delish.",love love love product order regularly pricy delish,love love love product order,pricy delish
5,Delicious 🤤,Yum,yum,,
5,Great value,Flavors,flavor,flavor,
5,Breakfast every day,Expensive but I’m addicted.,expensive addicted,,addicted
5,Great deal,Well when my local store didn't have it... Y'all came thru So happy and the right price,local store Y'all come happy right price,local store Y'all happy right price,local happy right
5,Easy to order,My favorite flavor,favorite flavor,favorite flavor,favorite
5,Love these-good price,Love these drinks. I had to cancel my subscription though because my delivery kept getting delayed. Good price for the size.,love drink cancel subscription delivery keep getting delay good price size,love subscription delivery delay good price size,good
5,Why is it not be delivered anymore from you?,I love this product could get two 4 62$ since u don’t deliver it any any longer will cost over $113…crazy🥵,love product 4 62 $ u deliver long cost $ 113 crazy 🥵,love product u 🥵,long crazy
5,My addiction delivered to my door,"I have a serious addiction to the Mocha Frapps. I work from home and drink a few of these a day. I have a hard time finding enough locally to supply my addiction and was delighted to find my preferred size for delivery. I order 3-4 cases every 2 weeks and have only had 1 bottle that was broken because everything is well packed. I came back to order today and it appears that they aren’t available. Please, for my mental health bring back mocha frapps.",addiction Mocha Frapps work home drink day hard time find locally supply addiction delight find preferred size delivery order 3 4 case 2 week 1 bottle break pack come order today appear available mental health bring mocha frapp,addiction Mocha Frapps home drink hard time locally supply addiction delight preferred size delivery order 2 week mental health mocha frapp,hard preferred available mental
5,Love Starbucks,I love Starbucks!!!!,love Starbucks,Starbucks,
5,I love these drinks,To drink in stead of coffee,drink stead coffee,stead coffee,
5,It’s good!,I love the fact I can get it! My grocery store doesn’t carry coffee flavor. The coffee is always well packed and has never arrived with a crack or break. This is my favorite flavor.,love fact grocery store carry coffee flavor coffee pack arrive crack break favorite flavor,love fact grocery store coffee flavor coffee pack favorite flavor,favorite
5,Larger bottle step up from one use to.,If I order again I would order the smaller bottle. Sugar Sugar!,order order small bottle Sugar Sugar,order order small bottle Sugar Sugar,small
5,Starbucks ain’t cheap,Not cheap but much better than retail stores.,cheap well retail store,cheap well retail store,retail
5,Delicious,I love this stuff.. it's the only bottled coffee thing that I drink . getting difficult to find in stores where I live so ordering it by the case here is a really good alternative . and it costs about the same especially with free shipping,love stuff bottled coffee thing drink get difficult find store live order case good alternative cost especially free shipping,love stuff bottled coffee thing drink difficult find store live order case good alternative cost especially free shipping,bottled difficult live good alternative free
5,Mornin java!,"Taste great, good value.",taste great good value,great good value,great good
5,Vanilla frappuccino,Absolutely love this coffee why did I pay 31 dollars Last time and now it's 51 dollars that's a big jump there sometime 2 for 5 in the store can you tell why it's so expensive now???,absolutely love coffee pay 31 dollar time 51 dollar big jump 2 5 store tell expensive,coffee pay 51 dollar big jump 2 5 store,big expensive
5,Its contains lots of Calories,1 bottle is enough for two to share- -Tasty but sweet- A little pricy- Folks on weight watch or sugar careful- need to read ingredient's- Great for a summer treat-,1 bottle share- -Tasty sweet- little pricy- folk weight watch sugar careful- need read ingredient's- great summer treat-,1 bottle share- -Tasty sweet- ingredient's- great summer,share- little pricy- great
5,Lovely coffee surprise. Almost dessert.,"I love the coffee flavor. It’s less sweet that vanilla or carmel and I’m not a fan of mocha—it’s indecisive, is it coffee or chocolate. But the coffee flat is more robust, less sweet, and more defined. Very satisfying.",love coffee flavor sweet vanilla carmel fan mocha indecisive coffee chocolate coffee flat robust sweet define satisfy,coffee flavor,sweet indecisive flat robust sweet
5,Wonderful!!!,I wish you sell and deliver almond milk flavors,wish sell deliver almond milk flavor,almond milk flavor,
5,Vanila Frappucciono,"Great Flavor, price, and got in in good time.",great flavor price get good time,great flavor price,great good
5,Starbucks coffee was great but they do not value their customers,Starbucks Vanilla Frappe in the bottle have been my morning coffee for many years. I do not understand WHY Starbucks jerks their customers around. They claimed White Choc Moch wasn't selling either when they discontinued it but I am a cashier and can assure it most certainly was. Now we can't get the Vanilla Frapps in.,Starbucks Vanilla Frappe bottle morning coffee year understand Starbucks jerk customer claim White Choc Moch sell discontinue cashier assure certainly Vanilla Frapps,Starbucks Vanilla Frappe bottle morning coffee year Starbucks jerk customer White Choc Moch cashier assure Vanilla Frapps,
5,Great RTF Starbucks vanilla frappe!,They packed the bottles in a sturdy box. They arrived early. They were very refreshing.,pack bottle sturdy box arrive early refreshing,sturdy box,sturdy refreshing
5,Well packaged,Great product,great product,great product,great
5,Coffee flavor is the best..😊,"We love the coffee flavor, can't find in grocery store. The flavor is wonderful, a bit pricey, the caffeine kick is very good, love it.🌹",love coffee flavor find grocery store flavor wonderful bit pricey caffeine kick good love 🌹,love coffee flavor grocery store wonderful bit pricey caffeine good love,wonderful pricey good
5,good stuff.,love it.,love,love,
5,Delicious !,Taste great,taste great,,great
5,Great for the price.,Of course addicted to this product. Not a bad price fro being shipped to your home. Packed well I have ordered several times and not one broken bottle.,course addict product bad price fro ship home Packed order time broken bottle,course addict ship home Packed order time broken bottle,bad broken
5,It tastes great,Love the flavor but alittle pricey,love flavor alittle pricey,love,pricey
5,Starbucks Frap is the best,This has been one of my favorites for a long time and will always have it in the frig. I serve it to my f riends also.,favorite long time frig serve f riend,frig f riend,favorite long
5,Taste great and look forward to my next order,These are the best I go all over town to get these even tho they are a little more it's ok they bring them to my door and they are not broke and I WILL BE ORDERING MORE I Do hope in the future we will get the small size also just to take to beach. Thanks so much for being convient you always come thru for me,good town tho little ok bring door break ordering hope future small size beach thank convient come,good town door break hope future small size beach thank,good tho little future small
5,Exceptional drink,Great as a impromptu cold brew drink. Tired of same old drink. This adds pizzazz to your busy day.,great impromptu cold brew drink tired old drink add pizzazz busy day,great impromptu cold brew drink tired old drink pizzazz,great impromptu cold tired old busy
5,Mother loves,My 97 yr old mother loves it!!!!,97 yr old mother love,97 yr old mother love,old
5,Good way to buy,Good stuff shipped fast great price,good stuff ship fast great price,good stuff ship fast great price,good great
5,Too pricey,"Purchase for my friend who is in the VA Resdential center( lives there).
He enjoys these but they cost too much.
I mean you get like 12 bottles for about 50 bucks.
Will not be purchasing these again.","purchase friend VA Resdential center live 
  enjoy cost 
  mean like 12 bottle 50 buck 
  purchase",purchase friend VA Resdential center,
5,Great value,Love love love these drinks they are my weakness everyday flavor is great and so is the price please keep selling them,love love love drink weakness everyday flavor great price selling,love love love weakness great price selling,everyday great
5,"No broken bottles, packaged very well","My drinks came in earlier than expected, which made me very happy. They came in packaged very well and there were no broken bottles. Most of my local stores are out of these drinks so buying them like this is actually cheaper and now I don't have to run all over town looking for my favorite drink.",drink come early expect happy came package broken bottle local store drink buy like actually cheap run town look favorite drink,drink broken bottle local store drink actually cheap run town look favorite drink,happy local cheap favorite
5,It's Starbucks,Taste great. Good value for what you get.,taste great good value,great good value,great good
5,Hard to find,"This is my most favorite drink in the world trouble is, the stores are always out of
Stock!","favorite drink world trouble store 
  stock",favorite drink world trouble stock,favorite
5,My concern was shipping - but it's fine.,"My husband and I got into the habit of having frappuccinos on the weekends, and when our local grocery store seemed to be having trouble getting our preferred mocha flavor, of course we turned to Amazon. I was concerned about the shipping, but it's incredibly secure, really strong cardboard, and it arrives quickly. So come the weekend, we'll be having our frappuccinos, no worries about running out or the store not having them. Yay.",husband get habit have frappuccino weekend local grocery store have trouble get preferred mocha flavor course turn Amazon concern shipping incredibly secure strong cardboard arrive quickly come weekend have frappuccino worry run store have Yay,husband habit local grocery store trouble preferred mocha flavor course Amazon concern frappuccino worry run store Yay,local preferred secure strong
5,I am addicted to Mocha Frappuccino!,"I drink at least 2 bottles a day - it is smooth, chocolaty, satisfying on so many levels! I shouldn't give it a good review because there have been too many times recently that it has been out of stock, but I love it too much to demean it.
Some addicts can't live without their booze or drugs, I can't live without my Frap!","drink 2 bottle day smooth chocolaty satisfying level good review time recently stock love demean 
  addict live booze drug live Frap","chocolaty satisfying level good review time stock love 
  addict live booze drug Frap",smooth chocolaty satisfying good live live
5,Yum! Yummy!!,Yummy!!!,yummy,,yummy
5,"High caffeine, don't drink at night","Really liked this until I read the amount of caffeine in it, almost as much as a red bull",liked read caffeine red bull,caffeine red bull,red
5,Great,None broken and what I was looking for,break look,,
5,Arrived safely,Glass bottles arrived unbroken and safe. Ready to go into the fridge!,glass bottle arrive unbroken safe ready fridge,glass bottle unbroken safe ready fridge,unbroken safe ready
5,Fantastic packaging!!,We ran out of coffee drinks in our area so figured I would try this out. My boyfriend was actually so impressed by how these came packaged that he asked for the link and is now subscribing to order 2 of these cases every 2 weeks. Thank you very much!!!!,run coffee drink area figure try boyfriend actually impress came package ask link subscribing order 2 case 2 week thank,run coffee drink area figure boyfriend,
5,Good Price,This is my favorite flavor. It’s hard to find it in grocery stores now,favorite flavor hard find grocery store,favorite flavor grocery store,favorite
5,Love them.,"I am a fan of these, so nothing to add.",fan add,fan,
5,Best,The best,well,,
5,Delicious,Love this flavor and this tall size is the best.,love flavor tall size well,love tall size,tall
5,Love my morning Starbucks!,Quick delivery. Package for shipment properly. Great product. Long expiration date on bottle.,quick delivery package shipment properly great product Long expiration date bottle,quick delivery package shipment properly great product Long expiration date bottle,quick great
5,Great flavor. Great service.,"This is my favorite Starbucks product of all time. Arrived safe in a sturdy, reliable packaging.",favorite Starbucks product time arrive safe sturdy reliable packaging,favorite Starbucks product time safe sturdy reliable packaging,favorite safe sturdy reliable
5,Cheaper than my local grocery store outstanding!,You can't beat Starbucks in person but where I'm living we don't have a Starbucks... It's an hour drive! The local grocery stores know it so they charge 2.85 a bottle. I was so happy to find Amazon not only sells them but cheaper than my local grocery store.,beat Starbucks person live Starbucks hour drive local grocery store know charge 2.85 bottle happy find Amazon sell cheap local grocery store,Starbucks person local grocery store 2.85 bottle Amazon cheap local grocery store,local happy cheap local
5,It’s going to be a GOOD MORNING 🌞,The best breakfast in the morning 👍🍶stores that carry this flavor have been hit and miss so this was an awesome way to stock up!,good breakfast morning 👍 🍶 store carry flavor hit miss awesome way stock,🍶 store flavor miss,good awesome
5,Oh yum ! My favorite brew,Great tasting and hard to find flavor of Starbucks Frappuccino !,great tasting hard find flavor Starbucks Frappuccino,tasting Starbucks Frappuccino,great hard
5,Fast and great packaging,Box arrived a little dented but their packing is genius. The glass bottles were totally unharmed.,Box arrive little dent packing genius glass bottle totally unharmed,Box little dent packing genius glass bottle,little unharmed
5,This is the best coffee in the morning,Keep ordering it good taste,order good taste,order good taste,good
5,Love it!,I love how nice they came in nothing was broken and everything was sorted very neatly!,love nice came break sort neatly,love,nice
5,Cheaper than buying at the store.,I'm absolutely addicted to these drinks and I have a hard time finding them so I decided to look online and sure enough...just like anything else I could possibly think of...found it on Amazon! If you do the math it's about a dollar cheaper per bottle than buying them at the store. I've ordered several cases now and every time they have arrived on time with not a single bottle broken. No complaints here..,absolutely addicted drink hard time finding decide look online sure like possibly think find Amazon math dollar cheap bottle buying store order case time arrive time single bottle break complaint,absolutely addicted drink hard time finding Amazon math dollar cheap bottle buying store order case time,addicted hard cheap single
5,starbucks frappucino coffee flavor,why is starbucks discontinuing coffee flavor?,starbuck discontinue coffee flavor,starbuck coffee flavor,
5,cofee,I love the taste of this coffee and the ease of getting it,love taste coffee ease get,taste coffee ease,
5,The best love em,Great cold coffee,great cold coffee,great cold coffee,great cold
5,"About the same price as locally without having to go out to get it, locally $2.50 each plus tax.","I really like the mocha flavor, and these prices are only $0.13 more than I would pay locally. Everything arrived intact, very well packaged.",like mocha flavor price $ 0.13 pay locally arrive intact package,mocha flavor price $ 0.13 pay intact package,intact
5,Great Price Deal for a delicious Coffee Drink,"Starbucks Vanilla Frappuccino are the most popular flavor starbucks offers. Their a good drink chilled or room temperature. Its more milk than coffee, but black coffee effected my stomach. So switching to these and no issues was extremely welcoming. is a great deal for twelve of the 13.7 oz bottles. I pay $2.99 to $3.59 each in town where I live.",Starbucks Vanilla Frappuccino popular flavor starbucks offer good drink chill room temperature milk coffee black coffee effect stomach switch issue extremely welcome great deal 13.7 oz bottle pay $ 2.99 $ 3.59 town live,Starbucks Vanilla Frappuccino popular flavor starbucks good drink chill room temperature milk coffee black coffee effect stomach switch issue great deal 13.7 oz bottle $ 2.99 $ 3.59 town,popular good black welcome great
5,Summer in a bottle,I love this I always keep it on hand,love hand,love hand,
5,No time for lines.,"I love Starbucks frappuccino but I don't always have time to wait in line, I make my own ice shake and go.",love Starbucks frappuccino time wait line ice shake,Starbucks line ice shake,
5,Another flawless delivery,"I am not doubting other users complaints of damaged boxes and broken bottles, just want to say I have ordered this Starbucks liquid coffee 6-7 times now, along with other bottled drinks over time, and have never had one broken bottle yet! Starbucks chilled coffee is great for a quick pick me up in the afternoon..",doubt user complaint damage box break bottle want order Starbucks liquid coffee 6 7 time bottled drink time break bottle Starbucks chill coffee great quick pick afternoon,doubt user complaint damage box break bottle order Starbucks liquid coffee 6 7 time bottled drink time break bottle Starbucks chill coffee,liquid bottled great quick
